Characteristic,2001 Number (in thousands),2001 Percent,2002 Number (in thousands),2002 Percent,2003 Number (in thousands),2003 Percent,2004 Number (in thousands),2004 Percent,2005 Number (in thousands),2005 Percent,2006 Number (in thousands),2006 Percent,2007 Number (in thousands),2007 Percent,2008 Number (in thousands),2008 Percent,2009 Number (in thousands),2009 Percent,2010 Number (in thousands),2010 Percent,2011 Number (in thousands),2011 Percent,2012 Number (in thousands),2012 Percent,2013 Number (in thousands),2013 Percent
Total,"  26,773 ",  100.0 ,"  27,297 ",100.0,"  27,404 ",100.0,"  27,776 ",100.0,"  27,993 ",100.0,"  27,941 ",100.0,"  28,384 ",100.0,"  28,360 ",100.0,"  28,660 ",100.0,"  29,293 ",100.0,"  29,798 ",100.0,"  30,125 ",100.0,"  30,004 ",100.0
Child of householder Total,"  13,328 ",  49.8 ,"  13,717 ",50.3,"  13,783 ",50.3,"  14,150 ",50.9,"  13,743 ",49.1,"  13,943 ",49.9,"  14,244 ",50.2,"  14,547 ",51.3,"  14,853 ",51.8,"  15,271 ",52.1,"  15,914 ",53.4,"  16,633 ",55.2,"  16,333 ",54.4
Living with a spouse Total,"  3,710 ",  13.9 ,"  3,565 ",13.1,"  3,401 ",12.4,"  3,397 ",12.2,"  3,412 ",12.2,"  3,361 ",12.0,"  3,198 ",11.3,"  2,914 ",10.3,"  2,980 ",10.4,"  2,796 ",9.5,"  2,618 ",8.8,"  2,516 ",8.4,"  2,393 ",8.0
Living with an unmarried partner Total,"  1,856 ",  6.9 ,"  1,887 ",6.9,"  1,921 ",7.0,"  1,941 ",7.0,"  2,061 ",7.4,"  2,001 ",7.2,"  2,999 ",10.6,"  3,020 ",10.7,"  2,697 ",9.4,"  2,937 ",10.0,"  2,999 ",10.1,"  2,916 ",9.7,"  2,939 ",9.8
Living alone Total,"  1,414 ",  5.3 ,"  1,278 ",4.7,"  1,535 ",5.6,"  1,526 ",5.5,"  1,519 ",5.4,"  1,589 ",5.7,"  1,592 ",5.6,"  1,647 ",5.8,"  1,527 ",5.3,"  1,362 ",4.7,"  1,450 ",4.9,"  1,377 ",4.6,"  1,540 ",5.1
All other living arrangements Total,"  6,466 ",  24.2 ,"  6,850 ",25.1,"  6,764 ",24.7,"  6,762 ",24.3,"  7,259 ",25.9,"  7,047 ",25.2,"  6,352 ",22.4,"  6,231 ",22.0,"  6,603 ",23.0,"  6,927 ",23.7,"  6,817 ",22.9,"  6,682 ",22.2,"  6,799 ",22.7
Males,"  13,412 ",  100.0 ,"  13,695 ",100.0,"  13,812 ",100.0,"  14,165 ",100.0,"  14,060 ",100.0,"  14,101 ",100.0,"  14,409 ",100.0,"  14,377 ",100.0,"  14,498 ",100.0,"  14,824 ",100.0,"  14,978 ",100.0,"  15,154 ",100.0,"  15,137 ",100.0
Child of householder Males,"  7,342 ",  54.7 ,"  7,532 ",55.0,"  7,569 ",54.8,"  7,928 ",56.0,"  7,400 ",52.6,"  7,533 ",53.4,"  7,745 ",53.8,"  7,919 ",55.1,"  8,058 ",55.6,"  8,337 ",56.2,"  8,626 ",57.6,"  9,008 ",59.4,"  8,738 ",57.7
Living with a spouse Males,"  1,275 ",  9.5 ,"  1,269 ",9.3,"  1,210 ",8.8,"  1,215 ",8.6,"  1,219 ",8.7,"  1,174 ",8.3,"  1,098 ",7.6,"  1,069 ",7.4,"  1,079 ",7.4,  991 ,6.7,  924 ,6.2,  925 ,6.1,  904 ,6.0
Living with an unmarried partner Males,  911 ,  6.8 ,  900 ,6.6,  946 ,6.9,  911 ,6.4,"  1,013 ",7.2,  961 ,6.8,"  1,268 ",8.8,"  1,197 ",8.3,"  1,099 ",7.6,"  1,137 ",7.7,"  1,228 ",8.2,"  1,151 ",7.6,"  1,193 ",7.9
Living alone Males,  716 ,  5.2 ,  595 ,4.4,  722 ,5.2,  766 ,5.4,  759 ,5.4,  826 ,5.9,  792 ,5.5,  842 ,5.9,  868 ,6.0,  720 ,4.9,  737 ,4.9,  653 ,4.3,  758 ,5.0
All other living arrangements Males,"  3,187 ",  23.8 ,"  3,399 ",24.8,"  3,365 ",24.4,"  3,344 ",23.6,"  3,669 ",26.1,"  3,607 ",25.6,"  3,506 ",24.3,"  3,350 ",23.3,"  3,395 ",23.4,"  3,639 ",24.6,"  3,464 ",23.1,"  3,417 ",22.6,"  3,544 ",23.4
Females,"  13,362 ",  100.0 ,"  13,602 ",100.0,"  13,592 ",100.0,"  13,611 ",100.0,"  13,933 ",100.0,"  13,841 ",100.0,"  13,976 ",100.0,"  13,983 ",100.0,"  14,162 ",100.0,"  14,469 ",100.0,"  14,820 ",100.0,"  14,971 ",100.0,"  14,867 ",100.0
Child of householder - Females,"  5,986 ",  44.8 ,"  6,185 ",45.5,"  6,214 ",45.7,"  6,222 ",45.7,"  6,343 ",45.5,"  6,411 ",46.3,"  6,499 ",46.5,"  6,628 ",47.4,"  6,795 ",48.0,"  6,935 ",47.9,"  7,289 ",49.2,"  7,626 ",50.9,"  7,595 ",51.1
Living with a spouse  - Females,"  2,436 ",  18.2 ,"  2,296 ",16.9,"  2,191 ",16.1,"  2,182 ",16.0,"  2,192 ",15.7,"  1,040 ",15.8,"  2,100 ",15.0,"  1,845 ",13.2,"  1,901 ",13.4,"  1,804 ",12.5,"  1,694 ",11.4,"  1,592 ",10.6,"  1,489 ",10.0
Living with an unmarried partner  - Females,  945 ,  7.1 ,  988 ,7.3,  975 ,7.2,"  1,029 ",7.6,"  1,047 ",7.5,"  2,187 ",7.5,"  1,731 ",12.4,"  1,824 ",13.0,"  1,598 ",11.3,"  1,801 ",12.4,"  1,771 ",12.0,"  1,765 ",11.8,"  1,746 ",11.7
Living alone  - Females,  697 ,  5.4 ,  682 ,5.0,  813 ,6.0,  760 ,5.6,  760 ,5.5,  763 ,5.5,  799 ,5.7,  805 ,5.8,  660 ,4.7,  642 ,4.4,  713 ,4.8,  724 ,4.8,  783 ,5.3
All other living arrangements - Females,"  3,279 ",  24.5 ,"  3,451 ",25.4,"  3,399 ",25.0,"  3,418 ",25.1,"  3,590 ",25.8,"  3,440 ",24.9,"  2,846 ",20.4,"  2,881 ",20.6,"  3,208 ",22.7,"  3,288 ",22.7,"  3,353 ",22.6,"  3,265 ",21.8,"  3,255 ",21.9
"White, non-Hispanic","  16,683 ",  100.0 ,"  17,018 ",100.0,  not available  ,not available,  not available  ,not available,  not available  ,not available,  not available  ,not available,  not available  ,not available,  not available  ,not available,  not available  ,not available,  not available  ,not available,  not available  ,not available,  not available  ,not available,  not available  ,not available
"Child of householder - White, non-Hispanic","  8,797 ",  52.7 ,"  9,079 ",53.4,  not available  ,not available,  not available  ,not available,  not available  ,not available,  not available  ,not available,  not available  ,not available,  not available  ,not available,  not available  ,not available,  not available  ,not available,  not available  ,not available,  not available  ,not available,  not available  ,not available
"Living with a spouse - White, non-Hispanic","  2,373 ",  14.2 ,"  2,258 ",13.3,  not available  ,not available,  not available  ,not available,  not available  ,not available,  not available  ,not available,  not available  ,not available,  not available  ,not available,  not available  ,not available,  not available  ,not available,  not available  ,not available,  not available  ,not available,  not available  ,not available
"Living with an unmarried partner - White, non-Hispanic","  1,260 ",  7.6 ,"  1,319 ",7.8,  not available  ,not available,  not available  ,not available,  not available  ,not available,  not available  ,not available,  not available  ,not available,  not available  ,not available,  not available  ,not available,  not available  ,not available,  not available  ,not available,  not available  ,not available,  not available  ,not available
"Living alone - White, non-Hispanic",  993 ,  6.0 ,  884 ,5.2,  not available  ,not available,  not available  ,not available,  not available  ,not available,  not available  ,not available,  not available  ,not available,  not available  ,not available,  not available  ,not available,  not available  ,not available,  not available  ,not available,  not available  ,not available,  not available  ,not available
"All other living arrangements - White, non-Hispanic","  3,260 ",  19.5 ,"  3,478 ",20.4,  not available  ,not available,  not available  ,not available,  not available  ,not available,  not available  ,not available,  not available  ,not available,  not available  ,not available,  not available  ,not available,  not available  ,not available,  not available  ,not available,  not available  ,not available,  not available  ,not available
"Males White, non-Hispanic","  8,356 ",  100.0 ,"  8,541 ",100.0,  not available  ,not available,  not available  ,not available,  not available  ,not available,  not available  ,not available,  not available  ,not available,  not available  ,not available,  not available  ,not available,  not available  ,not available,  not available  ,not available,  not available  ,not available,  not available  ,not available
"Child of householder - Males White, non-Hispanic","  4,867 ",  58.2 ,"  5,004 ",58.6,  not available  ,not available,  not available  ,not available,  not available  ,not available,  not available  ,not available,  not available  ,not available,  not available  ,not available,  not available  ,not available,  not available  ,not available,  not available  ,not available,  not available  ,not available,  not available  ,not available
"Living with a spouse - Males White, non-Hispanic",  816 ,  9.8 ,  810 ,9.5,  not available  ,not available,  not available  ,not available,  not available  ,not available,  not available  ,not available,  not available  ,not available,  not available  ,not available,  not available  ,not available,  not available  ,not available,  not available  ,not available,  not available  ,not available,  not available  ,not available
"Living with an unmarried partner - Males White, non-Hispanic",  631 ,  7.6 ,  627 ,7.3,  not available  ,not available,  not available  ,not available,  not available  ,not available,  not available  ,not available,  not available  ,not available,  not available  ,not available,  not available  ,not available,  not available  ,not available,  not available  ,not available,  not available  ,not available,  not available  ,not available
"Living alone - Males White, non-Hispanic",  505 ,  6.1 ,  420 ,4.9,  not available  ,not available,  not available  ,not available,  not available  ,not available,  not available  ,not available,  not available  ,not available,  not available  ,not available,  not available  ,not available,  not available  ,not available,  not available  ,not available,  not available  ,not available,  not available  ,not available
"All other living arrangements - Males White, non-Hispanic","  1,537 ",  18.4 ,"  1,679 ",19.7,  not available  ,not available,  not available  ,not available,  not available  ,not available,  not available  ,not available,  not available  ,not available,  not available  ,not available,  not available  ,not available,  not available  ,not available,  not available  ,not available,  not available  ,not available,  not available  ,not available
"Females White, non-Hispanic","  8,326 ",  100.0 ,"  8,476 ",100.0,  not available  ,not available,  not available  ,not available,  not available  ,not available,  not available  ,not available,  not available  ,not available,  not available  ,not available,  not available  ,not available,  not available  ,not available,  not available  ,not available,  not available  ,not available,  not available  ,not available
"Child of householder - Females White, non-Hispanic","  3,930 ",  47.2 ,"  4,074 ",48.1,  not available  ,not available,  not available  ,not available,  not available  ,not available,  not available  ,not available,  not available  ,not available,  not available  ,not available,  not available  ,not available,  not available  ,not available,  not available  ,not available,  not available  ,not available,  not available  ,not available
"Living with a spouse - Females White, non-Hispanic","  1,557 ",  18.7 ,"  1,447 ",17.1,  not available  ,not available,  not available  ,not available,  not available  ,not available,  not available  ,not available,  not available  ,not available,  not available  ,not available,  not available  ,not available,  not available  ,not available,  not available  ,not available,  not available  ,not available,  not available  ,not available
"Living with an unmarried partner - Females White, non-Hispanic",  629 ,  7.6 ,  692 ,8.2,  not available  ,not available,  not available  ,not available,  not available  ,not available,  not available  ,not available,  not available  ,not available,  not available  ,not available,  not available  ,not available,  not available  ,not available,  not available  ,not available,  not available  ,not available,  not available  ,not available
"Living alone - Females White, non-Hispanic",  488 ,  5.9 ,  464 ,5.5,  not available  ,not available,  not available  ,not available,  not available  ,not available,  not available  ,not available,  not available  ,not available,  not available  ,not available,  not available  ,not available,  not available  ,not available,  not available  ,not available,  not available  ,not available,  not available  ,not available
"All other living arrangements - Females White, non-Hispanic","  1,723 ",  20.7 ,"  1,799 ",21.2,  not available  ,not available,  not available  ,not available,  not available  ,not available,  not available  ,not available,  not available  ,not available,  not available  ,not available,  not available  ,not available,  not available  ,not available,  not available  ,not available,  not available  ,not available,  not available  ,not available
"White alone, non-Hispanic",  not available  ,  not available  ,  not available  ,not available,"  17,018 ",100.0,"  17,350 ",100.0,"  17,353 ",100.0,"  17,356 ",100.0,"  17,448 ",100.0,"  17,502 ",100.0,"  17,703 ",100.0,"  17,755 ",100.0,"  17,038 ",100.0,"  17,001 ",100.0,"  16,667 ",100.0
"Child of householder - White alone, non-Hispanic",  not available  ,  not available  ,  not available  ,not available,"  9,043 ",53.1,"  9,298 ",53.6,"  8,901 ",51.3,"  9,155 ",52.8,"  9,100 ",52.2,"  9,284 ",53.1,"  9,388 ",53.0,"  9,436 ",53.1,"  9,440 ",55.4,"  9,523 ",56.0,"  9,299 ",55.8
"Living with a spouse - White alone, non-Hispanic",  not available  ,  not available  ,  not available  ,not available,"  2,115 ",12.4,"  2,156 ",12.4,"  2,158 ",12.4,"  2,080 ",12.0,"  1,994 ",11.4,"  1,750 ",10.0,"  1,856 ",10.5,"  1,808 ",10.2,"  1,597 ",9.4,"  1,546 ",9.1,"  1,358 ",8.2
"Living with an unmarried partner - White alone, non-Hispanic",  not available  ,  not available  ,  not available  ,not available,"  1,366 ",8.0,"  1,355 ",7.8,"  1,460 ",8.4,"  1,329 ",7.7,"  2,009 ",11.5,"  2,079 ",11.9,"  1,798 ",10.2,"  1,949 ",11.0,"  1,891 ",11.1,"  1,864 ",11.0,"  1,810 ",10.9
"Living alone - White alone, non-Hispanic",  not available  ,  not available  ,  not available  ,not available,"  1,042 ",6.1,"  1,027 ",5.9,  977 ,5.6,"  1,032 ",6.0,"  1,063 ",6.1,"  1,100 ",6.3,"  1,042 ",5.9,  910 ,5.1,  855 ,5.0,  793 ,4.7,  930 ,5.6
"All other living arrangements - White alone, non-Hispanic",  not available  ,  not available  ,  not available  ,not available,"  3,453 ",20.3,"  3,515 ",20.3,"  3,856 ",22.2,"  3,760 ",21.7,"  3,282 ",18.8,"  3,288 ",18.8,"  3,619 ",20.4,"  3,652 ",20.6,"  3,255 ",19.1,"  3,274 ",19.3,"  3,268 ",19.6
"Males White alone, non-Hispanic",  not available  ,  not available  ,  not available  ,not available,"  8,549 ",100.0,"  8,797 ",100.0,"  8,706 ",100.0,"  8,728 ",100.0,"  8,815 ",100.0,"  8,897 ",100.0,"  8,973 ",100.0,"  8,973 ",100.0,"  8,525 ",100.0,"  8,535 ",100.0,"  8,443 ",100.0
"Child of householder - Males White alone, non-Hispanic",  not available  ,  not available  ,  not available  ,not available,"  4,939 ",57.8,"  5,208 ",59.2,"  4,807 ",55.2,"  4,943 ",56.6,"  4,997 ",56.7,"  5,127 ",57.6,"  5,155 ",57.5,"  5,201 ",58.0,"  5,128 ",60.2,"  5,116 ",59.9,"  5,057 ",59.9
"Living with a spouse - Males White alone, non-Hispanic",  not available  ,  not available  ,  not available  ,not available,  741 ,8.7,  748 ,8.5,  767 ,8.8,  729 ,8.4,  702 ,8.0,  628 ,7.1,  648 ,7.2,  627 ,7.0,  544 ,6.4,  556 ,6.5,  521 ,6.2
"Living with an unmarried partner - Males White alone, non-Hispanic",  not available  ,  not available  ,  not available  ,not available,  662 ,7.8,  615 ,7.0,  695 ,8.0,  637 ,7.3,  820 ,9.3,  774 ,8.7,  688 ,7.7,  719 ,8.0,  742 ,8.7,  733 ,8.6,  716 ,8.5
"Living alone - Males White alone, non-Hispanic",  not available  ,  not available  ,  not available  ,not available,  490 ,5.7,  531 ,6.0,  531 ,6.1,  557 ,6.4,  513 ,5.8,  581 ,6.5,  596 ,6.6,  499 ,5.6,  469 ,5.5,  383 ,4.5,  453 ,5.4
"All other living arrangements - Males White alone, non-Hispanic",  not available  ,  not available  ,  not available  ,not available,"  1,716 ",20.1,"  1,695 ",19.3,"  1,906 ",21.9,"  1,863 ",21.3,"  1,783 ",20.2,"  1,787 ",20.1,"  1,886 ",21.0,"  1,927 ",21.5,"  1,642 ",19.3,"  1,747 ",20.5,"  1,697 ",20.1
"Females White alone, non-Hispanic",  not available  ,  not available  ,  not available  ,not available,"  8,469 ",100.0,"  8,553 ",100.0,"  8,647 ",100.0,"  8,628 ",100.0,"  8,633 ",100.0,"  8,605 ",100.0,"  8,730 ",100.0,"  8,782 ",100.0,"  8,513 ",100.0,"  8,466 ",100.0,"  8,223 ",100.0
"Child of householder - Females White alone, non-Hispanic",  not available  ,  not available  ,  not available  ,not available,"  4,104 ",48.5,"  4,090 ",47.8,"  4,095 ",47.4,"  4,212 ",48.8,"  4,103 ",47.5,"  4,157 ",48.3,"  4,233 ",48.5,"  4,235 ",48.2,"  4,312 ",50.7,"  4,407 ",52.1,"  4,242 ",51.6
"Living with a spouse - Females White alone, non-Hispanic",  not available  ,  not available  ,  not available  ,not available,"  1,373 ",16.2,"  1,408 ",16.5,"  1,392 ",16.1,  693 ,15.7,"  1,292 ",15.0,"  1,122 ",13.0,"  1,208 ",13.8,"  1,181 ",13.5,"  1,053 ",12.4,  990 ,11.7,  838 ,10.2
"Living with an unmarried partner - Females White alone, non-Hispanic",  not available  ,  not available  ,  not available  ,not available,  703 ,8.3,  739 ,8.6,  765 ,8.8,"  1,351 ",8.0,"  1,189 ",13.8,"  1,305 ",15.2,"  1,110 ",12.7,"  1,231 ",14.0,"  1,149 ",13.5,"  1,131 ",13.4,"  1,094 ",13.3
"Living alone - Females White alone, non-Hispanic",  not available  ,  not available  ,  not available  ,not available,  552 ,6.5,  496 ,5.8,  446 ,5.2,  475 ,5.5,  550 ,6.4,  519 ,6.0,  446 ,5.1,  410 ,4.7,  385 ,4.5,  411 ,4.9,  478 ,5.8
"All other living arrangements - Females White alone, non-Hispanic",  not available  ,  not available  ,  not available  ,not available,"  1,736 ",20.5,"  1,820 ",21.3,"  1,950 ",22.6,"  1,897 ",22.0,"  1,499 ",17.4,"  1,502 ",17.5,"  1,732 ",19.8,"  1,725 ",19.6,"  1,613 ",19.0,"  1,526 ",18.0,"  1,572 ",19.1
"Black, non-Hispanic","  3,712 ",  100.0 ,"  3,803 ",100.0,  not available  ,not available,  not available  ,not available,  not available  ,not available,  not available  ,not available,  not available  ,not available,  not available  ,not available,  not available  ,not available,  not available  ,not available,  not available  ,not available,  not available  ,not available,  not available  ,not available
"Child of householder - Black, non-Hispanic","  1,808 ",  48.7 ,"  1,859 ",48.9,  not available  ,not available,  not available  ,not available,  not available  ,not available,  not available  ,not available,  not available  ,not available,  not available  ,not available,  not available  ,not available,  not available  ,not available,  not available  ,not available,  not available  ,not available,  not available  ,not available
"Living with a spouse - Black, non-Hispanic",  254 ,  6.9 ,  258 ,6.8,  not available  ,not available,  not available  ,not available,  not available  ,not available,  not available  ,not available,  not available  ,not available,  not available  ,not available,  not available  ,not available,  not available  ,not available,  not available  ,not available,  not available  ,not available,  not available  ,not available
"Living with an unmarried partner - Black, non-Hispanic",  201 ,  5.4 ,  196 ,5.2,  not available  ,not available,  not available  ,not available,  not available  ,not available,  not available  ,not available,  not available  ,not available,  not available  ,not available,  not available  ,not available,  not available  ,not available,  not available  ,not available,  not available  ,not available,  not available  ,not available
"Living alone - Black, non-Hispanic",  222 ,  6.0 ,  221 ,5.8,  not available  ,not available,  not available  ,not available,  not available  ,not available,  not available  ,not available,  not available  ,not available,  not available  ,not available,  not available  ,not available,  not available  ,not available,  not available  ,not available,  not available  ,not available,  not available  ,not available
"All other living arrangements - Black, non-Hispanic","  1,286 ",  33.1 ,"  1,269 ",33.4,  not available  ,not available,  not available  ,not available,  not available  ,not available,  not available  ,not available,  not available  ,not available,  not available  ,not available,  not available  ,not available,  not available  ,not available,  not available  ,not available,  not available  ,not available,  not available  ,not available
"Males Black, non-Hispanic","  1,723 ",  100.0 ,"  1,774 ",100.0,  not available  ,not available,  not available  ,not available,  not available  ,not available,  not available  ,not available,  not available  ,not available,  not available  ,not available,  not available  ,not available,  not available  ,not available,  not available  ,not available,  not available  ,not available,  not available  ,not available
"Child of householder - Males Black, non-Hispanic",  965 ,  56.0 ,  994 ,56.0,  not available  ,not available,  not available  ,not available,  not available  ,not available,  not available  ,not available,  not available  ,not available,  not available  ,not available,  not available  ,not available,  not available  ,not available,  not available  ,not available,  not available  ,not available,  not available  ,not available
"Living with a spouse - Males Black, non-Hispanic",  96 ,  5.6 ,  103 ,5.8,  not available  ,not available,  not available  ,not available,  not available  ,not available,  not available  ,not available,  not available  ,not available,  not available  ,not available,  not available  ,not available,  not available  ,not available,  not available  ,not available,  not available  ,not available,  not available  ,not available
"Living with an unmarried partner - Males Black, non-Hispanic",  92 ,  5.4 ,  76 ,4.3,  not available  ,not available,  not available  ,not available,  not available  ,not available,  not available  ,not available,  not available  ,not available,  not available  ,not available,  not available  ,not available,  not available  ,not available,  not available  ,not available,  not available  ,not available,  not available  ,not available
"Living alone - Males Black, non-Hispanic",  75 ,  4.4 ,  83 ,4.7,  not available  ,not available,  not available  ,not available,  not available  ,not available,  not available  ,not available,  not available  ,not available,  not available  ,not available,  not available  ,not available,  not available  ,not available,  not available  ,not available,  not available  ,not available,  not available  ,not available
"All other living arrangements - Males Black, non-Hispanic",  494 ,  28.7 ,  517 ,29.2,  not available  ,not available,  not available  ,not available,  not available  ,not available,  not available  ,not available,  not available  ,not available,  not available  ,not available,  not available  ,not available,  not available  ,not available,  not available  ,not available,  not available  ,not available,  not available  ,not available
"Females Black, non-Hispanic","  1,989 ",  100.0 ,"  2,029 ",100.0,  not available  ,not available,  not available  ,not available,  not available  ,not available,  not available  ,not available,  not available  ,not available,  not available  ,not available,  not available  ,not available,  not available  ,not available,  not available  ,not available,  not available  ,not available,  not available  ,not available
"Child of householder - Females Black, non-Hispanic",  843 ,  42.4 ,  865 ,42.6,  not available  ,not available,  not available  ,not available,  not available  ,not available,  not available  ,not available,  not available  ,not available,  not available  ,not available,  not available  ,not available,  not available  ,not available,  not available  ,not available,  not available  ,not available,  not available  ,not available
"Living with a spouse - Females Black, non-Hispanic",  158 ,  7.9 ,  155 ,7.6,  not available  ,not available,  not available  ,not available,  not available  ,not available,  not available  ,not available,  not available  ,not available,  not available  ,not available,  not available  ,not available,  not available  ,not available,  not available  ,not available,  not available  ,not available,  not available  ,not available
"Living with an unmarried partner - Females Black, non-Hispanic",  108 ,  5.4 ,  120 ,5.9,  not available  ,not available,  not available  ,not available,  not available  ,not available,  not available  ,not available,  not available  ,not available,  not available  ,not available,  not available  ,not available,  not available  ,not available,  not available  ,not available,  not available  ,not available,  not available  ,not available
"Living alone - Females Black, non-Hispanic",  147 ,  7.4 ,  138 ,6.8,  not available  ,not available,  not available  ,not available,  not available  ,not available,  not available  ,not available,  not available  ,not available,  not available  ,not available,  not available  ,not available,  not available  ,not available,  not available  ,not available,  not available  ,not available,  not available  ,not available
"All other living arrangements - Females Black, non-Hispanic",  733 ,  36.9 ,  751 ,37.0,  not available  ,not available,  not available  ,not available,  not available  ,not available,  not available  ,not available,  not available  ,not available,  not available  ,not available,  not available  ,not available,  not available  ,not available,  not available  ,not available,  not available  ,not available,  not available  ,not available
"Black alone, non-Hispanic",  not available  ,  not available  ,  not available  ,not available,"  3,701 ",100.0,"  3,656 ",100.0,"  3,818 ",100.0,"  3,882 ",100.0,"  3,888 ",100.0,"  3,917 ",100.0,"  3,998 ",100.0,"  4,076 ",100.0,"  4,163 ",100.0,"  4,278 ",100.0,"  4,376 ",100.0
"Child of householder - Black alone, non-Hispanic",  not available  ,  not available  ,  not available  ,not available,"  1,821 ",49.2,"  1,808 ",49.5,"  1,918 ",50.2,"  1,909 ",49.2,"  1,986 ",51.1,"  2,051 ",52.4,"  2,146 ",53.7,"  2,122 ",52.1,"  2,122 ",51.0,"  2,413 ",56.4,"  2,354 ",53.8
"Living with a spouse - Black alone, non-Hispanic",  not available  ,  not available  ,  not available  ,not available,  235 ,6.4,  221 ,6.0,  218 ,5.7,  199 ,5.1,  158 ,4.1,  170 ,4.3,  201 ,5.0,  145 ,3.6,  161 ,3.9,  179 ,4.2,  160 ,3.7
"Living with an unmarried partner - Black alone, non-Hispanic",  not available  ,  not available  ,  not available  ,not available,  192 ,5.2,  182 ,5.0,  134 ,3.5,  216 ,5.6,  316 ,8.1,  291 ,7.4,  254 ,6.4,  313 ,7.7,  299 ,7.2,  276 ,6.5,  367 ,8.4
"Living alone - Black alone, non-Hispanic",  not available  ,  not available  ,  not available  ,not available,  254 ,6.9,  260 ,7.1,  284 ,7.4,  322 ,8.3,  273 ,7.0,  310 ,7.9,  239 ,6.0,  247 ,6.1,  345 ,8.3,  294 ,6.9,  313 ,7.2
"All other living arrangements - Black alone, non-Hispanic",  not available  ,  not available  ,  not available  ,not available,"  1,198 ",32.4,"  1,185 ",32.4,"  1,264 ",33.1,"  1,235 ",31.8,"  1,154 ",29.7,"  1,094 ",27.9,"  1,158 ",29.0,"  1,249 ",30.6,"  1,235 ",29.7,"  1,116 ",26.1,"  1,181 ",27.0
"Males Black alone, non-Hispanic",  not available  ,  not available  ,  not available  ,not available,"  1,731 ",100.0,"  1,738 ",100.0,"  1,801 ",100.0,"  1,867 ",100.0,"  1,905 ",100.0,"  1,874 ",100.0,"  1,920 ",100.0,"  1,970 ",100.0,"  2,013 ",100.0,"  2,050 ",100.0,"  2,116 ",100.0
"Child of householder - Males Black alone, non-Hispanic",  not available  ,  not available  ,  not available  ,not available,  978 ,56.5,"  1,030 ",59.3,"  1,031 ",57.3,"  1,015 ",54.4,"  1,058 ",55.6,"  1,078 ",57.5,"  1,108 ",57.7,"  1,147 ",58.2,"  1,125 ",55.9,"  1,279 ",62.4,"  1,215 ",57.4
"Living with a spouse - Males Black alone, non-Hispanic",  not available  ,  not available  ,  not available  ,not available,  84 ,4.9,  94 ,5.4,  88 ,4.9,  89 ,4.8,  55 ,2.9,  74 ,4.0,  86 ,4.5,  56 ,2.9,  77 ,3.8,  84 ,4.1,  76 ,3.6
"Living with an unmarried partner - Males Black alone, non-Hispanic",  not available  ,  not available  ,  not available  ,not available,  90 ,5.2,  77 ,4.4,  59 ,3.3,  86 ,4.6,  151 ,7.9,  144 ,7.7,  119 ,6.2,  139 ,7.0,  145 ,7.2,  120 ,5.8,  147 ,6.9
"Living alone - Males Black alone, non-Hispanic",  not available  ,  not available  ,  not available  ,not available,  110 ,6.4,  99 ,5.7,  102 ,5.7,  138 ,7.4,  123 ,6.4,  124 ,6.6,  120 ,6.2,  117 ,5.9,  144 ,7.1,  115 ,5.6,  135 ,6.4
"All other living arrangements - Males Black alone, non-Hispanic",  not available  ,  not available  ,  not available  ,not available,  469 ,27.1,  439 ,25.2,  519 ,28.8,  539 ,28.9,  518 ,27.2,  454 ,24.2,  486 ,25.3,  511 ,26.0,  522 ,25.9,  452 ,22.1,  544 ,25.7
"Females Black alone, non-Hispanic",  not available  ,  not available  ,  not available  ,not available,"  1,969 ",100.0,"  1,918 ",100.0,"  2,017 ",100.0,"  2,015 ",100.0,"  1,983 ",100.0,"  2,042 ",100.0,"  2,078 ",100.0,"  2,106 ",100.0,"  2,150 ",100.0,"  2,228 ",100.0,"  2,260 ",100.0
"Child of householder - Females Black alone, non-Hispanic",  not available  ,  not available  ,  not available  ,not available,  843 ,42.8,  778 ,40.6,  887 ,44.0,  894 ,44.4,  927 ,46.8,  972 ,47.6,"  1,038 ",49.9,  975 ,46.3,  997 ,46.4,"  1,134 ",50.9,"  1,139 ",50.4
"Living with a spouse - Females Black alone, non-Hispanic",  not available  ,  not available  ,  not available  ,not available,  151 ,7.7,  127 ,6.6,  129 ,6.4,  131 ,5.4,  103 ,5.2,  96 ,4.7,  115 ,5.5,  89 ,4.2,  84 ,3.9,  95 ,4.3,  85 ,3.8
"Living with an unmarried partner - Females Black alone, non-Hispanic",  not available  ,  not available  ,  not available  ,not available,  102 ,5.2,  105 ,5.5,  75 ,3.7,  109 ,6.5,  166 ,8.4,  147 ,7.2,  135 ,6.5,  175 ,8.3,  153 ,7.1,  156 ,7.0,  221 ,9.8
"Living alone - Females Black alone, non-Hispanic",  not available  ,  not available  ,  not available  ,not available,  144 ,7.3,  161 ,8.4,  181 ,9.0,  185 ,9.2,  150 ,7.6,  186 ,9.1,  119 ,5.7,  130 ,6.2,  202 ,9.4,  179 ,8.0,  178 ,7.9
"All other living arrangements - Females Black alone, non-Hispanic",  not available  ,  not available  ,  not available  ,not available,  729 ,37.0,  746 ,38.9,  744 ,36.9,  696 ,34.6,  636 ,32.1,  641 ,31.4,  672 ,32.3,  738 ,35.0,  714 ,33.2,  664 ,29.8,  637 ,28.2
"Asian, non-Hispanic",  296 ,  100.0 ,  267 ,100.0,  not available  ,not available,  not available  ,not available,  not available  ,not available,  not available  ,not available,  not available  ,not available,  not available  ,not available,  not available  ,not available,  not available  ,not available,  not available  ,not available,  not available  ,not available,  not available  ,not available
"Child of householder - Asian, non-Hispanic",  111 ,  37.5 ,  124 ,46.5,  not available  ,not available,  not available  ,not available,  not available  ,not available,  not available  ,not available,  not available  ,not available,  not available  ,not available,  not available  ,not available,  not available  ,not available,  not available  ,not available,  not available  ,not available,  not available  ,not available
"Living with a spouse - Asian, non-Hispanic",  46 ,  15.5 ,  36 ,13.4,  not available  ,not available,  not available  ,not available,  not available  ,not available,  not available  ,not available,  not available  ,not available,  not available  ,not available,  not available  ,not available,  not available  ,not available,  not available  ,not available,  not available  ,not available,  not available  ,not available
"Living with an unmarried partner - Asian, non-Hispanic",  27 ,  9.2 ,  19 ,7.1,  not available  ,not available,  not available  ,not available,  not available  ,not available,  not available  ,not available,  not available  ,not available,  not available  ,not available,  not available  ,not available,  not available  ,not available,  not available  ,not available,  not available  ,not available,  not available  ,not available
"Living alone - Asian, non-Hispanic",  22 ,  7.3 ,  13 ,5.0,  not available  ,not available,  not available  ,not available,  not available  ,not available,  not available  ,not available,  not available  ,not available,  not available  ,not available,  not available  ,not available,  not available  ,not available,  not available  ,not available,  not available  ,not available,  not available  ,not available
"All other living arrangements - Asian, non-Hispanic",  90 ,  30.5 ,  75 ,28.0,  not available  ,not available,  not available  ,not available,  not available  ,not available,  not available  ,not available,  not available  ,not available,  not available  ,not available,  not available  ,not available,  not available  ,not available,  not available  ,not available,  not available  ,not available,  not available  ,not available
"Males Asian, non-Hispanic",  151 ,  100.0 ,  125 ,100.0,  not available  ,not available,  not available  ,not available,  not available  ,not available,  not available  ,not available,  not available  ,not available,  not available  ,not available,  not available  ,not available,  not available  ,not available,  not available  ,not available,  not available  ,not available,  not available  ,not available
"Child of householder - Males Asian, non-Hispanic",  59 ,  39.3 ,  62 ,49.2,  not available  ,not available,  not available  ,not available,  not available  ,not available,  not available  ,not available,  not available  ,not available,  not available  ,not available,  not available  ,not available,  not available  ,not available,  not available  ,not available,  not available  ,not available,  not available  ,not available
"Living with a spouse - Males Asian, non-Hispanic",  16 ,  10.5 ,  10 ,7.8,  not available  ,not available,  not available  ,not available,  not available  ,not available,  not available  ,not available,  not available  ,not available,  not available  ,not available,  not available  ,not available,  not available  ,not available,  not available  ,not available,  not available  ,not available,  not available  ,not available
"Living with an unmarried partner - Males Asian, non-Hispanic",  18 ,  11.7 ,  10 ,7.9,  not available  ,not available,  not available  ,not available,  not available  ,not available,  not available  ,not available,  not available  ,not available,  not available  ,not available,  not available  ,not available,  not available  ,not available,  not available  ,not available,  not available  ,not available,  not available  ,not available
"Living alone - Males Asian, non-Hispanic",  13 ,  8.8 ,  9 ,7.1,  not available  ,not available,  not available  ,not available,  not available  ,not available,  not available  ,not available,  not available  ,not available,  not available  ,not available,  not available  ,not available,  not available  ,not available,  not available  ,not available,  not available  ,not available,  not available  ,not available
"All other living arrangements - Males Asian, non-Hispanic",  45 ,  29.7 ,  35 ,28.0,  not available  ,not available,  not available  ,not available,  not available  ,not available,  not available  ,not available,  not available  ,not available,  not available  ,not available,  not available  ,not available,  not available  ,not available,  not available  ,not available,  not available  ,not available,  not available  ,not available
"Females Asian, non-Hispanic",  145 ,  100.0 ,  142 ,100.0,  not available  ,not available,  not available  ,not available,  not available  ,not available,  not available  ,not available,  not available  ,not available,  not available  ,not available,  not available  ,not available,  not available  ,not available,  not available  ,not available,  not available  ,not available,  not available  ,not available
"Child of householder - Females Asian, non-Hispanic",  52 ,  35.7 ,  63 ,44.1,  not available  ,not available,  not available  ,not available,  not available  ,not available,  not available  ,not available,  not available  ,not available,  not available  ,not available,  not available  ,not available,  not available  ,not available,  not available  ,not available,  not available  ,not available,  not available  ,not available
"Living with a spouse - Females Asian, non-Hispanic",  30 ,  20.7 ,  26 ,18.4,  not available  ,not available,  not available  ,not available,  not available  ,not available,  not available  ,not available,  not available  ,not available,  not available  ,not available,  not available  ,not available,  not available  ,not available,  not available  ,not available,  not available  ,not available,  not available  ,not available
"Living with an unmarried partner - Females Asian, non-Hispanic",  9 ,  6.5 ,  9 ,6.4,  not available  ,not available,  not available  ,not available,  not available  ,not available,  not available  ,not available,  not available  ,not available,  not available  ,not available,  not available  ,not available,  not available  ,not available,  not available  ,not available,  not available  ,not available,  not available  ,not available
"Living alone - Females Asian, non-Hispanic",  8 ,  5.8 ,  5 ,3.2,  not available  ,not available,  not available  ,not available,  not available  ,not available,  not available  ,not available,  not available  ,not available,  not available  ,not available,  not available  ,not available,  not available  ,not available,  not available  ,not available,  not available  ,not available,  not available  ,not available
"All other living arrangements - Females Asian, non-Hispanic",  45 ,  31.3 ,  40 ,28.0,  not available  ,not available,  not available  ,not available,  not available  ,not available,  not available  ,not available,  not available  ,not available,  not available  ,not available,  not available  ,not available,  not available  ,not available,  not available  ,not available,  not available  ,not available,  not available  ,not available
"Asian alone, non-Hispanic",  not available  ,  not available  ,  not available  ,not available,"  1,132 ",100.0,"  1,096 ",100.0,"  1,092 ",100.0,"  1,128 ",100.0,"  1,204 ",100.0,"  1,134 ",100.0,"  1,080 ",100.0,"  1,173 ",100.0,"  1,546 ",100.0,"  1,524 ",100.0,"  1,570 ",100.0
"Child of householder - Asian alone, non-Hispanic",  not available  ,  not available  ,  not available  ,not available,  510 ,45.0,  569 ,51.9,  592 ,54.2,  586 ,52.0,  678 ,56.3,  616 ,54.3,  582 ,53.8,  607 ,51.7,  741 ,47.9,  795 ,52.2,  850 ,54.1
"Living with a spouse - Asian alone, non-Hispanic",  not available  ,  not available  ,  not available  ,not available,  99 ,8.7,  116 ,10.6,  87 ,7.9,  82 ,7.2,  81 ,6.8,  83 ,7.3,  103 ,9.6,  89 ,7.6,  120 ,7.8,  102 ,6.7,  80 ,5.1
"Living with an unmarried partner - Asian alone, non-Hispanic",  not available  ,  not available  ,  not available  ,not available,  74 ,6.5,  55 ,5.0,  63 ,5.8,  82 ,7.3,  64 ,5.4,  41 ,3.6,  32 ,3.0,  35 ,3.0,  63 ,4.1,  76 ,5.0,  60 ,3.8
"Living alone - Asian alone, non-Hispanic",  not available  ,  not available  ,  not available  ,not available,  89 ,7.8,  68 ,6.2,  56 ,5.1,  74 ,6.6,  32 ,2.7,  55 ,4.8,  60 ,5.6,  38 ,3.2,  66 ,4.3,  94 ,6.2,  106 ,6.8
"All other living arrangements - Asian alone, non-Hispanic",  not available  ,  not available  ,  not available  ,not available,  361 ,31.9,  288 ,26.3,  295 ,27.0,  303 ,26.9,  348 ,28.9,  339 ,29.9,  303 ,28.1,  404 ,34.5,  555 ,35.9,  456 ,30.0,  475 ,30.3
"Males Asian alone, non-Hispanic",  not available  ,  not available  ,  not available  ,not available,  554 ,100.0,  565 ,100.0,  533 ,100.0,  576 ,100.0,  605 ,100.0,  572 ,100.0,  566 ,100.0,  618 ,100.0,  796 ,100.0,  764 ,100.0,  802 ,100.0
"Child of householder - Males Asian alone, non-Hispanic",  not available  ,  not available  ,  not available  ,not available,  248 ,44.8,  305 ,53.9,  313 ,58.7,  314 ,54.5,  349 ,57.6,  336 ,58.7,  330 ,58.2,  335 ,54.2,  390 ,49.1,  416 ,54.5,  427 ,53.3
"Living with a spouse - Males Asian alone, non-Hispanic",  not available  ,  not available  ,  not available  ,not available,  21 ,3.8,  27 ,4.9,  21 ,4.0,  21 ,3.7,  15 ,2.5,  15 ,2.6,  30 ,5.3,  25 ,4.0,  33 ,4.1,  22 ,2.9,  19 ,2.4
"Living with an unmarried partner - Males Asian alone, non-Hispanic",  not available  ,  not available  ,  not available  ,not available,  40 ,7.2,  34 ,6.1,  35 ,6.6,  41 ,7.2,  21 ,3.4,  17 ,3.0,  11 ,2.0,  10 ,1.6,  18 ,2.3,  33 ,4.3,  16 ,2.0
"Living alone - Males Asian alone, non-Hispanic",  not available  ,  not available  ,  not available  ,not available,  47 ,8.6,  41 ,7.2,  19 ,3.6,  34 ,5.9,  16 ,2.6,  22 ,3.9,  31 ,5.5,  14 ,2.3,  34 ,4.3,  54 ,7.1,  63 ,7.8
"All other living arrangements - Males Asian alone, non-Hispanic",  not available  ,  not available  ,  not available  ,not available,  198 ,35.7,  158 ,27.9,  144 ,27.1,  166 ,28.8,  205 ,33.8,  182 ,31.9,  164 ,28.9,  235 ,38.0,  320 ,40.3,  239 ,31.3,  277 ,34.5
"Females Asian alone, non-Hispanic",  not available  ,  not available  ,  not available  ,not available,  578 ,100.0,  531 ,100.0,  558 ,100.0,  552 ,100.0,  599 ,100.0,  562 ,100.0,  514 ,100.0,  555 ,100.0,  750 ,100.0,  760 ,100.0,  768 ,100.0
"Child of householder - Females Asian alone, non-Hispanic",  not available  ,  not available  ,  not available  ,not available,  262 ,45.3,  264 ,49.8,  278 ,49.9,  273 ,49.4,  329 ,55.0,  280 ,49.8,  252 ,49.0,  272 ,49.0,  351 ,46.7,  379 ,49.9,  422 ,55.0
"Living with a spouse - Females Asian alone, non-Hispanic",  not available  ,  not available  ,  not available  ,not available,  78 ,13.4,  89 ,16.8,  65 ,11.7,  41 ,10.9,  66 ,11.0,  68 ,12.1,  73 ,14.2,  65 ,11.7,  88 ,11.7,  80 ,10.5,  60 ,7.8
"Living with an unmarried partner - Females Asian alone, non-Hispanic",  not available  ,  not available  ,  not available  ,not available,  34 ,5.9,  20 ,3.8,  28 ,4.9,  60 ,7.4,  44 ,7.3,  24 ,4.3,  21 ,4.1,  25 ,4.5,  45 ,6.0,  43 ,5.7,  44 ,5.7
"Living alone - Females Asian alone, non-Hispanic",  not available  ,  not available  ,  not available  ,not available,  41 ,7.1,  27 ,5.0,  37 ,6.6,  41 ,7.4,  16 ,2.7,  33 ,5.8,  29 ,5.6,  24 ,4.2,  32 ,4.3,  40 ,5.3,  43 ,5.6
"All other living arrangements - Females Asian alone, non-Hispanic",  not available  ,  not available  ,  not available  ,not available,  163 ,28.3,  131 ,24.6,  150 ,26.9,  137 ,24.9,  143 ,24.0,  157 ,28.0,  140 ,27.2,  170 ,30.6,  234 ,31.2,  217 ,28.6,  198 ,25.8
"Other, non-Hispanic","  1,281 ",  100.0 ,"  1,331 ",100.0,  738 ,100.0,  709 ,100.0,  764 ,100.0,  710 ,100.0,  765 ,100.0,  797 ,100.0,  812 ,100.0,  824 ,100.0,"  1,014 ",100.0,"  1,093 ",100.0,"  1,089 ",100.0
"Child of householder - Other, non-Hispanic",  665 ,  51.9 ,  641 ,48.1,  373 ,50.6,  371 ,52.3,  335 ,43.8,  373 ,52.6,  385 ,50.3,  401 ,50.2,  402 ,49.5,  441 ,53.5,  598 ,58.9,  606 ,55.4,  606 ,55.6
"Living with a spouse - Other, non-Hispanic",  123 ,  9.6 ,  123 ,9.2,  62 ,8.4,  69 ,9.7,  57 ,7.4,  56 ,7.9,  63 ,8.3,  76 ,9.6,  70 ,8.6,  53 ,6.5,  50 ,4.9,  74 ,6.8,  64 ,5.9
"Living with an unmarried partner - Other, non-Hispanic",  89 ,  7.0 ,  97 ,7.3,  62 ,8.4,  63 ,8.9,  76 ,9.9,  64 ,9.1,  98 ,12.7,  118 ,14.8,  116 ,14.3,  117 ,14.1,  110 ,10.8,  133 ,12.2,  114 ,10.5
"Living alone - Other, non-Hispanic",  68 ,  5.3 ,  73 ,5.5,  40 ,5.5,  31 ,4.4,  52 ,6.8,  31 ,4.4,  48 ,6.3,  40 ,5.0,  42 ,5.2,  25 ,3.1,  51 ,5.0,  41 ,3.7,  48 ,4.4
"All other living arrangements - Other, non-Hispanic",  335 ,  26.1 ,  398 ,29.9,  201 ,27.2,  175 ,24.6,  245 ,32.1,  185 ,26.1,  172 ,22.5,  163 ,20.4,  182 ,22.4,  188 ,22.8,  206 ,20.3,  239 ,21.9,  256 ,23.5
"Males Other, non-Hispanic",  631 ,  100.0 ,  670 ,100.0,  355 ,100.0,  361 ,100.0,  384 ,100.0,  352 ,100.0,  389 ,100.0,  405 ,100.0,  409 ,100.0,  399 ,100.0,  496 ,100.0,  541 ,100.0,  544 ,100.0
"Child of householder - Males Other, non-Hispanic",  356 ,  56.4 ,  353 ,52.6,  187 ,52.7,  214 ,59.2,  175 ,45.6,  190 ,53.9,  201 ,51.8,  212 ,52.3,  204 ,50.0,  218 ,54.7,  310 ,62.6,  351 ,65.0,  319 ,58.7
"Living with a spouse - Males Other, non-Hispanic",  26 ,  4.2 ,  33 ,4.9,  23 ,6.4,  27 ,7.4,  19 ,5.1,  18 ,5.1,  20 ,5.1,  30 ,7.4,  27 ,6.7,  15 ,3.7,  24 ,4.8,  22 ,4.0,  22 ,4.0
"Living with an unmarried partner - Males Other, non-Hispanic",  37 ,  5.8 ,  54 ,8.1,  29 ,8.2,  22 ,6.1,  34 ,8.9,  40 ,11.4,  43 ,11.2,  64 ,15.8,  56 ,13.8,  53 ,13.3,  49 ,9.9,  38 ,6.9,  37 ,6.8
"Living alone - Males Other, non-Hispanic",  35 ,  5.5 ,  32 ,4.7,  21 ,6.0,  11 ,3.2,  23 ,6.0,  12 ,3.3,  25 ,6.3,  19 ,4.7,  24 ,5.8,  12 ,2.9,  26 ,5.2,  23 ,4.2,  26 ,4.8
"All other living arrangements - Males Other, non-Hispanic",  178 ,  28.1 ,  199 ,29.7,  95 ,26.8,  87 ,24.1,  132 ,34.5,  92 ,26.3,  100 ,25.6,  80 ,19.8,  97 ,23.8,  101 ,25.4,  87 ,17.6,  107 ,19.8,  140 ,25.8
"Females Other, non-Hispanic",  649 ,  100.0 ,  661 ,100.0,  383 ,100.0,  348 ,100.0,  380 ,100.0,  359 ,100.0,  376 ,100.0,  392 ,100.0,  403 ,100.0,  425 ,100.0,  519 ,100.0,  552 ,100.0,  545 ,100.0
"Child of householder - Females Other, non-Hispanic",  309 ,  47.6 ,  288 ,43.6,  186 ,48.7,  157 ,45.1,  160 ,42.0,  184 ,51.3,  183 ,48.7,  189 ,48.2,  198 ,49.0,  223 ,52.4,  287 ,55.4,  255 ,46.1,  286 ,52.5
"Living with a spouse - Females Other, non-Hispanic",  97 ,  14.9 ,  90 ,13.6,  39 ,10.2,  42 ,12.2,  37 ,9.8,  24 ,10.6,  44 ,11.6,  46 ,11.8,  43 ,10.6,  38 ,9.0,  26 ,5.1,  53 ,9.5,  43 ,7.9
"Living with an unmarried partner - Females Other, non-Hispanic",  53 ,  8.1 ,  42 ,6.4,  33 ,8.6,  41 ,11.8,  42 ,10.9,  38 ,6.8,  54 ,14.4,  54 ,13.7,  59 ,14.8,  63 ,14.9,  61 ,11.8,  96 ,17.4,  78 ,14.3
"Living alone - Females Other, non-Hispanic",  34 ,  5.2 ,  41 ,6.2,  19 ,5.0,  20 ,5.8,  29 ,7.7,  20 ,5.5,  23 ,6.2,  21 ,5.3,  18 ,4.6,  14 ,3.3,  25 ,4.8,  18 ,3.2,  22 ,4.1
"All other living arrangements - Females Other, non-Hispanic",  157 ,  24.2 ,  199 ,30.2,  106 ,27.6,  88 ,25.2,  112 ,29.6,  93 ,25.9,  72 ,19.2,  83 ,21.1,  85 ,21.0,  87 ,20.4,  119 ,22.9,  132 ,23.9,  116 ,21.3
Hispanic,"  4,802 ",  100.0 ,"  4,878 ",100.0,"  4,815 ",100.0,"  4,965 ",100.0,"  4,966 ",100.0,"  4,865 ",100.0,"  5,080 ",100.0,"  5,010 ",100.0,"  5,067 ",100.0,"  5,464 ",100.0,"  6,037 ",100.0,"  6,229 ",100.0,"  6,303 ",100.0
Child of householder - Hispanic,"  1,947 ",  40.6 ,"  2,015 ",41.3,"  2,036 ",42.3,"  2,104 ",42.4,"  1,997 ",40.2,"  1,919 ",39.5,"  2,096 ",41.3,"  2,196 ",43.8,"  2,335 ",46.1,"  2,666 ",48.8,"  3,014 ",49.9,"  3,295 ",52.9,"  3,225 ",51.2
Living with a spouse - Hispanic,  914 ,  19.0 ,  891 ,18.3,  890 ,18.5,  835 ,16.8,  892 ,18.0,  945 ,19.4,  902 ,17.8,  835 ,16.7,  750 ,14.8,  699 ,12.8,  690 ,11.4,  615 ,9.9,  730 ,11.6
Living with an unmarried partner - Hispanic,  279 ,  5.8 ,  256 ,5.3,  228 ,4.7,  287 ,5.8,  328 ,6.6,  309 ,6.4,  511 ,10.1,  491 ,9.8,  497 ,9.8,  523 ,9.6,  636 ,10.5,  567 ,9.1,  587 ,9.3
Living alone - Hispanic,  109 ,  2.3 ,  86 ,1.8,  110 ,2.3,  140 ,2.8,  150 ,3.0,  129 ,2.7,  175 ,3.5,  142 ,2.8,  144 ,2.9,  143 ,2.6,  133 ,2.2,  155 ,2.5,  143 ,2.3
All other living arrangements - Hispanic,"  1,553 ",  32.3 ,"  1,630 ",33.4,"  1,551 ",32.2,"  1,600 ",32.2,"  1,600 ",32.2,"  1,563 ",32.1,"  1,396 ",27.5,"  1,346 ",26.9,"  1,341 ",26.5,"  1,434 ",26.2,"  1,566 ",25.9,"  1,597 ",25.6,"  1,619 ",25.7
Males Hispanic,"  2,550 ",  100.0 ,"  2,585 ",100.0,"  2,622 ",100.0,"  2,704 ",100.0,"  2,636 ",100.0,"  2,578 ",100.0,"  2,695 ",100.0,"  2,629 ",100.0,"  2,630 ",100.0,"  2,864 ",100.0,"  3,149 ",100.0,"  3,265 ",100.0,"  3,231 ",100.0
Child of householder - Males Hispanic,"  1,095 ",  42.9 ,"  1,120 ",43.3,"  1,217 ",46.4,"  1,172 ",43.4,"  1,073 ",40.7,"  1,071 ",41.6,"  1,139 ",42.3,"  1,167 ",44.4,"  1,260 ",47.9,"  1,435 ",50.1,"  1,672 ",53.1,"  1,846 ",56.5,"  1,719 ",53.2
Living with a spouse - Males Hispanic,  320 ,  12.6 ,  313 ,12.1,  340 ,13.0,  319 ,11.8,  323 ,12.3,  317 ,12.3,  307 ,11.4,  322 ,12.3,  288 ,11.0,  268 ,9.4,  246 ,7.8,  241 ,7.4,  266 ,8.3
Living with an unmarried partner- Males Hispanic,  133 ,  5.2 ,  132 ,5.1,  125 ,4.8,  163 ,6.0,  189 ,7.2,  157 ,6.1,  233 ,8.6,  198 ,7.5,  224 ,8.5,  217 ,7.6,  273 ,8.7,  228 ,7.0,  277 ,8.6
Living alone - Males Hispanic,  69 ,  2.7 ,  52 ,2.0,  53 ,2.0,  84 ,3.1,  84 ,3.2,  86 ,3.3,  116 ,4.3,  96 ,3.6,  97 ,3.7,  78 ,2.7,  64 ,2.0,  78 ,2.4,  81 ,2.5
All other living arrangements - Males Hispanic,  933 ,  36.6 ,  968 ,37.5,  887 ,33.8,  966 ,35.7,  967 ,36.7,  947 ,36.8,  901 ,33.4,  847 ,32.2,  761 ,28.9,  865 ,30.2,  892 ,28.3,  872 ,26.7,  887 ,27.5
Females Hispanic,"  2,252 ",  100.0 ,"  2,294 ",100.0,"  2,193 ",100.0,"  2,262 ",100.0,"  2,330 ",100.0,"  2,287 ",100.0,"  2,385 ",100.0,"  2,381 ",100.0,"  2,437 ",100.0,"  2,601 ",100.0,"  2,889 ",100.0,"  2,965 ",100.0,"  3,072 ",100.0
Child of householder - Females Hispanic,  852 ,  37.8 ,  895 ,39.0,  819 ,37.3,  932 ,41.2,  923 ,39.6,  848 ,37.1,  957 ,40.1,"  1,030 ",43.2,"  1,075 ",44.1,"  1,230 ",47.3,"  1,342 ",46.4,"  1,450 ",48.9,"  1,505 ",49.0
Living with a spouse - Females Hispanic,  594 ,  26.4 ,  578 ,25.2,  550 ,25.1,  516 ,22.8,  569 ,24.4,  152 ,27.5,  595 ,25.0,  513 ,21.5,  462 ,18.9,  431 ,16.6,  443 ,15.3,  374 ,12.6,  463 ,15.1
Living with an unmarried partner - Females Hispanic,  146 ,  6.5 ,  124 ,5.4,  103 ,4.7,  124 ,5.5,  138 ,5.9,  628 ,6.6,  278 ,11.7,  293 ,12.3,  273 ,11.2,  306 ,11.8,  362 ,12.5,  339 ,11.4,  310 ,10.1
Living alone - Females Hispanic,  40 ,  1.8 ,  35 ,1.5,  57 ,2.6,  56 ,2.5,  67 ,2.9,  43 ,1.9,  59 ,2.5,  46 ,1.9,  47 ,1.9,  64 ,2.5,  69 ,2.4,  77 ,2.6,  61 ,2.0
All other living arrangements - Females Hispanic,  620 ,  27.5 ,  662 ,28.9,  664 ,30.3,  634 ,28.0,  633 ,27.2,  616 ,26.9,  495 ,20.8,  499 ,21.0,  580 ,23.8,  568 ,21.9,  673 ,23.3,  725 ,24.5,  732 ,23.8